{
    "val_rmse": 46.00436706542969,
    "val_nnse": 0.824616801738739,
    "val_msssim": 0.9805648446083068,
    "val_acc": 0.887061083316803,
    "val_psnr": 26.411154556274415
}